Year,Age,Deposit,Income,Cost,Fund Value,Face Value,IRR,TE IRR
1,31,61569.0,2525.15,23322.56,40771.6,10000000.0,16141.94%,34572.59%
2,32,61569.0,4662.57,23431.52,83571.65,10000000.0,1125.42%,2410.41%
3,33,61569.0,6906.66,23534.28,128513.02,10000000.0,408.49%,874.90%
4,34,61569.0,9263.35,23630.35,175715.03,10000000.0,226.53%,485.17%
5,35,61569.0,11741.67,23621.79,225403.91,10000000.0,150.47%,322.27%
6,36,61569.0,14353.49,23509.24,277817.15,10000000.0,110.15%,235.92%
7,37,61569.0,17108.5,23390.53,333104.13,10000000.0,85.62%,183.38%
8,38,61569.0,20003.72,23649.98,391026.87,10000000.0,69.30%,148.42%
9,39,61569.0,23040.32,23803.18,451833.02,10000000.0,57.74%,123.66%
10,40,61569.0,26223.22,24135.97,515489.27,10000000.0,49.16%,105.30%
11,41,61569.0,29556.13,24455.47,582158.93,10000000.0,42.58%,91.20%
12,42,61569.0,33037.06,25135.61,651629.38,10000000.0,37.38%,80.06%
13,43,61569.0,36676.07,25424.44,724450.0,10000000.0,33.18%,71.06%
14,44,61569.0,40483.61,25973.93,800528.69,10000000.0,29.72%,63.66%
15,45,61569.0,44460.2,26593.94,879963.95,10000000.0,26.83%,57.47%
16,46,0.0,45472.93,25693.19,899743.69,10000000.0,24.46%,52.40%
17,47,0.0,46471.87,27092.52,919123.04,10000000.0,22.45%,48.08%
18,48,0.0,47444.81,28668.61,937899.25,10000000.0,20.72%,44.37%
19,49,0.0,48375.99,30602.67,955672.56,10000000.0,19.21%,41.15%
20,50,0.0,49241.88,32984.9,971929.53,10000000.0,17.90%,38.34%
21,51,0.0,50030.8,35273.54,986686.8,10000000.0,16.75%,35.87%
22,52,0.0,50730.86,37921.54,999496.11,10000000.0,15.72%,33.68%
23,53,0.0,51310.84,41201.34,1009605.62,10000000.0,14.81%,31.72%
24,54,0.0,51748.95,44486.14,1016868.43,10000000.0,14.00%,29.98%
25,55,0.0,52032.3,47960.06,1020940.67,10000000.0,13.26%,28.40%
26,56,0.0,52142.67,51628.18,1021455.16,10000000.0,12.60%,26.98%
27,57,0.0,52063.17,55406.91,1018111.42,10000000.0,11.99%,25.68%
28,58,0.0,51749.88,60294.4,1009566.9,10000000.0,11.44%,24.51%
29,59,0.0,51131.79,66310.15,994388.54,10000000.0,10.94%,23.43%
30,60,0.0,50163.51,72395.94,972156.11,10000000.0,10.47%,22.43%
31,61,0.0,48822.48,78569.09,942409.5,10000000.0,10.05%,21.52%
32,62,0.0,47071.18,85304.23,904176.45,10000000.0,9.65%,20.68%
33,63,0.0,44751.96,96390.2,852538.22,10000000.0,9.29%,19.90%
34,64,0.0,41724.24,107650.14,786612.33,10000000.0,8.95%,19.17%
35,65,0.0,37926.98,119607.56,704931.75,10000000.0,8.63%,18.49%
36,66,0.0,33280.82,132346.88,605865.68,10000000.0,8.34%,17.86%
37,67,0.0,27718.78,145205.51,488378.95,10000000.0,8.06%,17.27%
38,68,0.0,21157.5,159217.65,350318.81,10000000.0,7.81%,16.72%
39,69,0.0,13452.65,175500.53,188270.93,10000000.0,7.56%,16.20%
40,70,0.0,4463.27,192692.54,41.66,10000000.0,7.33%,15.71%
41,71,0.0,2.19,0.0,43.85,10000000.0,7.12%,15.25%
42,72,0.0,2.3,0.0,46.15,10000000.0,6.92%,14.81%
43,73,0.0,2.42,0.0,48.57,10000000.0,6.72%,14.40%
44,74,0.0,2.55,0.0,51.13,10000000.0,6.54%,14.01%
45,75,0.0,2.68,0.0,53.81,10000000.0,6.37%,13.64%
46,76,0.0,2.82,0.0,56.63,10000000.0,6.21%,13.29%
47,77,0.0,2.97,0.0,59.61,10000000.0,6.05%,12.96%
48,78,0.0,3.13,0.0,62.74,10000000.0,5.90%,12.64%
49,79,0.0,3.29,0.0,66.03,10000000.0,5.76%,12.34%
50,80,0.0,3.47,0.0,69.5,10000000.0,5.63%,12.05%
51,81,0.0,3.65,0.0,73.15,10000000.0,5.50%,11.78%
52,82,0.0,3.84,0.0,76.99,10000000.0,5.38%,11.52%
53,83,0.0,4.04,0.0,81.03,10000000.0,5.26%,11.26%
54,84,0.0,4.25,0.0,85.28,10000000.0,5.15%,11.02%
55,85,0.0,4.48,0.0,89.76,10000000.0,5.04%,10.79%
56,86,0.0,4.71,0.0,94.47,10000000.0,4.94%,10.57%
57,87,0.0,4.96,0.0,99.43,10000000.0,4.84%,10.36%
58,88,0.0,5.22,0.0,104.65,10000000.0,4.74%,10.15%
59,89,0.0,5.49,0.0,110.15,10000000.0,4.65%,9.96%
60,90,0.0,5.78,0.0,115.93,10000000.0,4.56%,9.77%
61,91,0.0,6.09,0.0,122.01,10000000.0,4.48%,9.59%
62,92,0.0,6.41,0.0,128.42,10000000.0,4.39%,9.41%
63,93,0.0,6.74,0.0,135.16,10000000.0,4.31%,9.24%
64,94,0.0,7.1,0.0,142.26,10000000.0,4.24%,9.08%
65,95,0.0,7.47,0.0,149.73,10000000.0,4.16%,8.92%
66,96,0.0,7.86,0.0,157.59,10000000.0,4.09%,8.77%
67,97,0.0,8.27,0.0,165.86,10000000.0,4.02%,8.62%
68,98,0.0,8.71,0.0,174.57,10000000.0,3.96%,8.48%
69,99,0.0,9.16,0.0,183.73,10000000.0,3.89%,8.34%
70,100,0.0,9.65,0.0,193.38,10000000.0,3.83%,8.21%
